Match,Timestamp,Section,Checklist Item,Status
N/A,2025-03-11 13:55:34,Initial Checks,Robot Powered,Not Completed
N/A,2025-03-11 13:55:34,Initial Checks,Radio Connected,Not Completed
N/A,2025-03-11 13:55:34,Initial Checks,Driver Station Ready,Not Completed
N/A,2025-03-11 13:55:34,Preflight Checklist,Can Dust,Not Completed
N/A,2025-03-11 13:55:34,Preflight Checklist,Ratchet Pins,Not Completed
N/A,2025-03-11 13:55:34,Preflight Checklist,Rope,Not Completed
N/A,2025-03-11 13:55:34,Preflight Checklist,Funnel Down,Not Completed
N/A,2025-03-11 13:55:34,Preflight Checklist,Barb Wiggle,Completed
N/A,2025-03-11 13:55:34,Preflight Checklist,Wheel Alignment,Not Completed
N/A,2025-03-11 13:55:34,Preflight Checklist,Elevator Down,Not Completed
N/A,2025-03-11 13:55:34,Preflight Checklist,Fresh Battery,Not Completed
N/A,2025-03-11 13:55:34,Preflight Checklist,Battery Beaked,Not Completed
N/A,2025-03-11 13:55:34,Preflight Checklist,Intake Funnel,Not Completed
N/A,2025-03-11 13:55:34,Preflight Checklist,Intake Arm,Not Completed
